timestamp,pos_x,pos_y,pos_z,q_x,q_y,q_z,q_w
1751120445.12797,0.0,0.0,0.0,0.0,0.0,0.0,1.0
1751120445.152754,0.0,0.0,0.0,0.0,0.0,0.0,1.0
1751120445.1720848,0.0,0.0,0.0,0.0,0.0,0.0,1.0
1751120445.1868963,0.0,0.0,0.0,0.0,0.0,0.0,1.0
1751120445.2125936,0.0,0.0,0.0,0.0,0.0,0.0,1.0
1751120445.2327292,0.0,0.0,0.0,0.0,0.0,0.0,1.0
1751120445.2508407,0.0,0.0,0.0,0.0,0.0,0.0,1.0
1751120445.2718303,0.0,0.0,0.0,0.0,0.0,0.0,1.0
1751120445.2876246,0.0,0.0,0.0,0.0,0.0,0.0,1.0
1751120445.311962,0.0,0.0,0.0,0.0,0.0,0.0,1.0
1751120445.3210125,0.0,0.0,0.0,0.0,0.0,0.0,1.0
1751120445.3520312,0.0,0.0,0.0,0.0,0.0,0.0,1.0
1751120445.3725548,0.0,0.0,0.0,0.0,0.0,0.0,1.0
1751120445.390764,0.0,0.0,0.0,0.0,0.0,0.0,1.0
1751120445.4130433,0.0,0.0,0.0,0.0,0.0,0.0,1.0
1751120445.4314477,0.0,0.0,0.0,0.0,0.0,0.0,1.0
1751120445.4513488,0.0,0.0,0.0,0.0,0.0,0.0,1.0
1751120445.468666,0.0,0.0,0.0,0.0,0.0,0.0,1.0
1751120445.485721,0.0,0.0,0.0,0.0,0.0,0.0,1.0
1751120445.5116425,0.0,0.0,0.0,0.0,0.0,0.0,1.0
1751120445.5291333,0.0,0.0,0.0,0.0,0.0,0.0,1.0
1751120445.550344,0.0,0.0,0.0,0.0,0.0,0.0,1.0
1751120445.5718725,0.0,0.0,0.0,0.0,0.0,0.0,1.0
1751120445.5904133,0.0,0.0,0.0,0.0,0.0,0.0,1.0
1751120445.6118894,0.0,0.0,0.0,0.0,0.0,0.0,1.0
1751120445.6291547,0.0,0.0,0.0,0.0,0.0,0.0,1.0
1751120445.648515,0.0,0.0,0.0,0.0,0.0,0.0,1.0
1751120445.6719866,0.0,0.0,0.0,0.0,0.0,0.0,1.0
1751120445.691988,0.0,0.0,0.0,0.0,0.0,0.0,1.0
1751120445.7119052,0.0,0.0,0.0,0.0,0.0,0.0,1.0
1751120445.733131,0.0,0.0,0.0,0.0,0.0,0.0,1.0
1751120445.7475388,0.0,0.0,0.0,0.0,0.0,0.0,1.0
1751120445.7723074,0.0,0.0,0.0,0.0,0.0,0.0,1.0
1751120445.7924223,0.0,0.0,0.0,0.0,0.0,0.0,1.0
1751120445.810743,0.0,0.0,0.0,0.0,0.0,0.0,1.0
1751120445.8334856,0.0,0.0,0.0,0.0,0.0,0.0,1.0
1751120445.8531575,0.0,0.0,0.0,0.0,0.0,0.0,1.0
1751120445.8671372,0.0,0.0,0.0,0.0,0.0,0.0,1.0
1751120445.8931599,0.0,0.0,0.0,0.0,0.0,0.0,1.0
1751120445.910651,0.0,0.0,0.0,0.0,0.0,0.0,1.0
1751120445.9305713,0.0,0.0,0.0,0.0,0.0,0.0,1.0
1751120445.9525785,0.0,0.0,0.0,0.0,0.0,0.0,1.0
1751120445.9717498,0.0,0.0,0.0,0.0,0.0,0.0,1.0
1751120445.9929209,0.0,0.0,0.0,0.0,0.0,0.0,1.0
1751120446.0121424,0.0,0.0,0.0,0.0,0.0,0.0,1.0
1751120446.0314882,0.0,0.0,0.0,0.0,0.0,0.0,1.0
1751120446.0525253,0.0,0.0,0.0,0.0,0.0,0.0,1.0
1751120446.0716689,0.0,0.0,0.0,0.0,0.0,0.0,1.0
1751120446.087759,0.0,0.0,0.0,0.0,0.0,0.0,1.0
1751120446.1104362,0.0,0.0,0.0,0.0,0.0,0.0,1.0
1751120446.1295707,0.0,0.0,0.0,0.0,0.0,0.0,1.0
1751120446.1515088,0.0,0.0,0.0,0.0,0.0,0.0,1.0
1751120446.1722035,0.0,0.0,0.0,0.0,0.0,0.0,1.0
1751120446.1894417,0.0,0.0,0.0,0.0,0.0,0.0,1.0
1751120446.2129605,0.0,0.0,0.0,0.0,0.0,0.0,1.0
1751120446.2314427,0.0,0.0,0.0,0.0,0.0,0.0,1.0
1751120446.2495134,0.0,0.0,0.0,0.0,0.0,0.0,1.0
1751120446.2697034,0.0,0.0,0.0,0.0,0.0,0.0,1.0
1751120446.2912965,0.0,0.0,0.0,0.0,0.0,0.0,1.0
1751120446.3110538,0.0,0.0,0.0,0.0,0.0,0.0,1.0
1751120446.32642,0.0,0.0,0.0,0.0,0.0,0.0,1.0
1751120446.3507073,0.0,0.0,0.0,0.0,0.0,0.0,1.0
1751120446.3690794,0.0,0.0,0.0,0.0,0.0,0.0,1.0
1751120446.387106,0.0,0.0,0.0,0.0,0.0,0.0,1.0
1751120446.4105546,0.0,0.0,0.0,0.0,0.0,0.0,1.0
1751120446.4295943,0.0,0.0,0.0,0.0,0.0,0.0,1.0
1751120446.4510047,0.0,0.0,0.0,0.0,0.0,0.0,1.0
1751120446.47199,0.0,0.0,0.0,0.0,0.0,0.0,1.0
1751120446.4903038,0.0,0.0,0.0,0.0,0.0,0.0,1.0
1751120446.509936,0.0,0.0,0.0,0.0,0.0,0.0,1.0
1751120446.5298624,0.0,0.0,0.0,0.0,0.0,0.0,1.0
1751120446.550853,0.0,0.0,0.0,0.0,0.0,0.0,1.0
1751120446.57183,0.0,0.0,0.0,0.0,0.0,0.0,1.0
1751120446.5907156,0.0,0.0,0.0,0.0,0.0,0.0,1.0
1751120446.6107185,0.0,0.0,0.0,0.0,0.0,0.0,1.0
1751120446.6309385,0.0,0.0,0.0,0.0,0.0,0.0,1.0
1751120446.651122,0.0,0.0,0.0,0.0,0.0,0.0,1.0
1751120446.6694305,0.0,0.0,0.0,0.0,0.0,0.0,1.0
1751120446.691641,0.0,0.0,0.0,0.0,0.0,0.0,1.0
1751120446.7080028,0.0,0.0,0.0,0.0,0.0,0.0,1.0
1751120446.725745,0.0,0.0,0.0,0.0,0.0,0.0,1.0
1751120446.748746,0.0,0.0,0.0,0.0,0.0,0.0,1.0
1751120446.7723477,0.0,0.0,0.0,0.0,0.0,0.0,1.0
1751120446.7916896,0.0,0.0,0.0,0.0,0.0,0.0,1.0
1751120446.810648,0.0,0.0,0.0,0.0,0.0,0.0,1.0
1751120446.8311865,0.0,0.0,0.0,0.0,0.0,0.0,1.0
1751120446.8503306,0.0,0.0,0.0,0.0,0.0,0.0,1.0
1751120446.8686612,0.0,0.0,0.0,0.0,0.0,0.0,1.0
1751120446.8883,0.0,0.0,0.0,0.0,0.0,0.0,1.0
1751120446.910005,0.0,0.0,0.0,0.0,0.0,0.0,1.0
1751120446.9331455,0.0,0.0,0.0,0.0,0.0,0.0,1.0
1751120446.9483087,0.0,0.0,0.0,0.0,0.0,0.0,1.0
1751120446.9662092,0.0,0.0,0.0,0.0,0.0,0.0,1.0
1751120446.9901924,0.0,0.0,0.0,0.0,0.0,0.0,1.0
1751120447.0105724,0.0,0.0,0.0,0.0,0.0,0.0,1.0
1751120447.030962,0.0,0.0,0.0,0.0,0.0,0.0,1.0
1751120447.0503697,0.0,0.0,0.0,0.0,0.0,0.0,1.0
1751120447.071184,0.0,0.0,0.0,0.0,0.0,0.0,1.0
1751120447.0886714,0.0,0.0,0.0,0.0,0.0,0.0,1.0
1751120447.104301,0.0,0.0,0.0,0.0,0.0,0.0,1.0
1751120447.125947,0.0,0.0,0.0,0.0,0.0,0.0,1.0
1751120447.1432185,0.0,0.0,0.0,0.0,0.0,0.0,1.0
1751120447.1698427,0.0,0.0,0.0,0.0,0.0,0.0,1.0
1751120447.1872964,0.0,0.0,0.0,0.0,0.0,0.0,1.0
1751120447.2133305,0.0,0.0,0.0,0.0,0.0,0.0,1.0
1751120447.229672,0.0,0.0,0.0,0.0,0.0,0.0,1.0
1751120447.252621,0.0,0.0,0.0,0.0,0.0,0.0,1.0
1751120447.2689922,0.0,0.0,0.0,0.0,0.0,0.0,1.0
1751120447.2929409,0.0,0.0,0.0,0.0,0.0,0.0,1.0
1751120447.3107665,0.0,0.0,0.0,0.0,0.0,0.0,1.0
1751120447.3326113,0.0,0.0,0.0,0.0,0.0,0.0,1.0
1751120447.352886,0.0,0.0,0.0,0.0,0.0,0.0,1.0
1751120447.368186,0.0,0.0,0.0,0.0,0.0,0.0,1.0
1751120447.3867807,0.0,0.0,0.0,0.0,0.0,0.0,1.0
1751120447.407081,0.0,0.0,0.0,0.0,0.0,0.0,1.0
1751120447.425718,0.0,0.0,0.0,0.0,0.0,0.0,1.0
1751120447.4510999,0.0,0.0,0.0,0.0,0.0,0.0,1.0
1751120447.467174,0.0,0.0,0.0,0.0,0.0,0.0,1.0
1751120447.4896138,0.0,0.0,0.0,0.0,0.0,0.0,1.0
1751120447.5117056,0.0,0.0,0.0,0.0,0.0,0.0,1.0
1751120447.5320299,0.0,0.0,0.0,0.0,0.0,0.0,1.0
1751120447.5472763,0.0,0.0,0.0,0.0,0.0,0.0,1.0
1751120447.5702503,0.0,0.0,0.0,0.0,0.0,0.0,1.0
1751120447.5924566,0.0,0.0,0.0,0.0,0.0,0.0,1.0
1751120447.6103594,0.0,0.0,0.0,0.0,0.0,0.0,1.0
1751120447.6300573,0.0,0.0,0.0,0.0,0.0,0.0,1.0
1751120447.6508155,0.0,0.0,0.0,0.0,0.0,0.0,1.0
1751120447.6671433,0.0,0.0,0.0,0.0,0.0,0.0,1.0
1751120447.688706,0.0,0.0,0.0,0.0,0.0,0.0,1.0
1751120447.7102656,0.0,0.0,0.0,0.0,0.0,0.0,1.0
1751120447.7295673,0.0,0.0,0.0,0.0,0.0,0.0,1.0
1751120447.7520201,0.0,0.0,0.0,0.0,0.0,0.0,1.0
1751120447.7703493,0.0,0.0,0.0,0.0,0.0,0.0,1.0
1751120447.7914827,0.0,0.0,0.0,0.0,0.0,0.0,1.0
1751120447.8072648,0.0,0.0,0.0,0.0,0.0,0.0,1.0
1751120447.8307924,0.0,0.0,0.0,0.0,0.0,0.0,1.0
1751120447.8520277,0.0,0.0,0.0,0.0,0.0,0.0,1.0
1751120447.8675923,0.0,0.0,0.0,0.0,0.0,0.0,1.0
1751120447.8890505,0.0,0.0,0.0,0.0,0.0,0.0,1.0
1751120447.9100757,0.0,0.0,0.0,0.0,0.0,0.0,1.0
1751120447.9332564,0.0,0.0,0.0,0.0,0.0,0.0,1.0
1751120447.9480674,0.0,0.0,0.0,0.0,0.0,0.0,1.0
1751120447.9707265,0.0,0.0,0.0,0.0,0.0,0.0,1.0
1751120447.9924116,0.0,0.0,0.0,0.0,0.0,0.0,1.0
1751120448.011762,0.0,0.0,0.0,0.0,0.0,0.0,1.0
1751120448.0322309,0.0,0.0,0.0,0.0,0.0,0.0,1.0
1751120448.0529363,0.0,0.0,0.0,0.0,0.0,0.0,1.0
1751120448.0715125,0.0,0.0,0.0,0.0,0.0,0.0,1.0
1751120448.092733,0.0,0.0,0.0,0.0,0.0,0.0,1.0
1751120448.110664,0.0,0.0,0.0,0.0,0.0,0.0,1.0
1751120448.132846,0.0,0.0,0.0,0.0,0.0,0.0,1.0
1751120448.1502826,0.0,0.0,0.0,0.0,0.0,0.0,1.0
1751120448.1714222,0.0,0.0,0.0,0.0,0.0,0.0,1.0
1751120448.1927366,0.0,0.0,0.0,0.0,0.0,0.0,1.0
1751120448.2109954,0.0,0.0,0.0,0.0,0.0,0.0,1.0
1751120448.2315953,0.0,0.0,0.0,0.0,0.0,0.0,1.0
1751120448.2495687,0.0,0.0,0.0,0.0,0.0,0.0,1.0
1751120448.2689111,0.0,0.0,0.0,0.0,0.0,0.0,1.0
1751120448.2912688,0.0,0.0,0.0,0.0,0.0,0.0,1.0
1751120448.313118,0.0,0.0,0.0,0.0,0.0,0.0,1.0
1751120448.3332052,0.0,0.0,0.0,0.0,0.0,0.0,1.0
1751120448.3517556,0.0,0.0,0.0,0.0,0.0,0.0,1.0
1751120448.371678,0.0,0.0,0.0,0.0,0.0,0.0,1.0
1751120448.3931623,0.0,0.0,0.0,0.0,0.0,0.0,1.0
1751120448.4124968,0.0,0.0,0.0,0.0,0.0,0.0,1.0
1751120448.4315944,0.0,0.0,0.0,0.0,0.0,0.0,1.0
1751120448.4523365,0.0,0.0,0.0,0.0,0.0,0.0,1.0
1751120448.4695194,0.0,0.0,0.0,0.0,0.0,0.0,1.0
1751120448.4925547,0.0,0.0,0.0,0.0,0.0,0.0,1.0
1751120448.5112872,0.0,0.0,0.0,0.0,0.0,0.0,1.0
1751120448.527722,0.0,0.0,0.0,0.0,0.0,0.0,1.0
1751120448.5520663,0.0,0.0,0.0,0.0,0.0,0.0,1.0
1751120448.5702863,0.0,0.0,0.0,0.0,0.0,0.0,1.0
1751120448.5920057,0.0,0.0,0.0,0.0,0.0,0.0,1.0
1751120448.6124103,0.0,0.0,0.0,0.0,0.0,0.0,1.0
1751120448.6328614,0.0,0.0,0.0,0.0,0.0,0.0,1.0
1751120448.6534212,0.0,0.0,0.0,0.0,0.0,0.0,1.0
1751120448.6727483,0.0,0.0,0.0,0.0,0.0,0.0,1.0
1751120448.6920073,0.0,0.0,0.0,0.0,0.0,0.0,1.0
1751120448.711201,0.0,0.0,0.0,0.0,0.0,0.0,1.0
1751120448.7283757,0.0,0.0,0.0,0.0,0.0,0.0,1.0
1751120448.7492115,0.0,0.0,0.0,0.0,0.0,0.0,1.0
1751120448.771686,0.0,0.0,0.0,0.0,0.0,0.0,1.0
1751120448.7894094,0.0,0.0,0.0,0.0,0.0,0.0,1.0
1751120448.8130453,0.0,0.0,0.0,0.0,0.0,0.0,1.0
1751120448.8280392,0.0,0.0,0.0,0.0,0.0,0.0,1.0
1751120448.8511982,0.0,0.0,0.0,0.0,0.0,0.0,1.0
1751120448.8721561,0.0,0.0,0.0,0.0,0.0,0.0,1.0
1751120448.891698,0.0,0.0,0.0,0.0,0.0,0.0,1.0
1751120448.909699,0.0,0.0,0.0,0.0,0.0,0.0,1.0
1751120448.9271207,0.0,0.0,0.0,0.0,0.0,0.0,1.0
1751120448.9500694,0.0,0.0,0.0,0.0,0.0,0.0,1.0
1751120448.972983,0.0,0.0,0.0,0.0,0.0,0.0,1.0
1751120448.988626,0.0,0.0,0.0,0.0,0.0,0.0,1.0
1751120449.0129273,0.0,0.0,0.0,0.0,0.0,0.0,1.0
1751120449.0322022,0.0,0.0,0.0,0.0,0.0,0.0,1.0
1751120449.0530176,0.0,0.0,0.0,0.0,0.0,0.0,1.0
1751120449.073325,0.0,0.0,0.0,0.0,0.0,0.0,1.0
1751120449.0901482,0.0,0.0,0.0,0.0,0.0,0.0,1.0
1751120449.1117802,0.0,0.0,0.0,0.0,0.0,0.0,1.0
1751120449.1325536,0.0,0.0,0.0,0.0,0.0,0.0,1.0
1751120449.1522706,0.0,0.0,0.0,0.0,0.0,0.0,1.0
1751120449.1728344,0.0,0.0,0.0,0.0,0.0,0.0,1.0
1751120449.1934748,0.0,0.0,0.0,0.0,0.0,0.0,1.0
1751120449.2119744,0.0,0.0,0.0,0.0,0.0,0.0,1.0
1751120449.2331007,0.0,0.0,0.0,0.0,0.0,0.0,1.0
1751120449.2531378,0.0,0.0,0.0,0.0,0.0,0.0,1.0
1751120449.2730646,0.0,0.0,0.0,0.0,0.0,0.0,1.0
1751120449.2923183,0.0,0.0,0.0,0.0,0.0,0.0,1.0
1751120449.312961,0.0,0.0,0.0,0.0,0.0,0.0,1.0
1751120449.3331366,0.0,0.0,0.0,0.0,0.0,0.0,1.0
1751120449.35255,0.0,0.0,0.0,0.0,0.0,0.0,1.0
1751120449.372445,0.0,0.0,0.0,0.0,0.0,0.0,1.0
1751120449.3927934,0.0,0.0,0.0,0.0,0.0,0.0,1.0
1751120449.4131954,0.0,0.0,0.0,0.0,0.0,0.0,1.0
1751120449.4329844,0.0,0.0,0.0,0.0,0.0,0.0,1.0
1751120449.4531155,0.0,0.0,0.0,0.0,0.0,0.0,1.0
1751120449.4726696,0.0,0.0,0.0,0.0,0.0,0.0,1.0
1751120449.4925308,0.0,0.0,0.0,0.0,0.0,0.0,1.0
1751120449.512059,0.0,0.0,0.0,0.0,0.0,0.0,1.0
1751120449.5328033,0.0,0.0,0.0,0.0,0.0,0.0,1.0
1751120449.553137,0.0,0.0,0.0,0.0,0.0,0.0,1.0
1751120449.5726612,0.0,0.0,0.0,0.0,0.0,0.0,1.0
1751120449.5919812,0.0,0.0,0.0,0.0,0.0,0.0,1.0
1751120449.6127765,0.0,0.0,0.0,0.0,0.0,0.0,1.0
1751120449.6322153,0.0,0.0,0.0,0.0,0.0,0.0,1.0
1751120449.6513455,0.0,0.0,0.0,0.0,0.0,0.0,1.0
1751120449.6726234,0.0,0.0,0.0,0.0,0.0,0.0,1.0
1751120449.6896508,0.0,0.0,0.0,0.0,0.0,0.0,1.0
1751120449.712618,0.0,0.0,0.0,0.0,0.0,0.0,1.0
1751120449.7324886,0.0,0.0,0.0,0.0,0.0,0.0,1.0
1751120449.7525806,0.0,0.0,0.0,0.0,0.0,0.0,1.0
1751120449.7728634,0.0,0.0,0.0,0.0,0.0,0.0,1.0
1751120449.792905,0.0,0.0,0.0,0.0,0.0,0.0,1.0
1751120449.8128572,0.0,0.0,0.0,0.0,0.0,0.0,1.0
1751120449.833015,0.0,0.0,0.0,0.0,0.0,0.0,1.0
1751120449.8528686,0.0,0.0,0.0,0.0,0.0,0.0,1.0
1751120449.8726575,0.0,0.0,0.0,0.0,0.0,0.0,1.0
1751120449.892652,0.0,0.0,0.0,0.0,0.0,0.0,1.0
1751120449.9126387,0.0,0.0,0.0,0.0,0.0,0.0,1.0
1751120449.9329977,0.0,0.0,0.0,0.0,0.0,0.0,1.0
1751120449.953111,0.0,0.0,0.0,0.0,0.0,0.0,1.0
1751120449.972998,0.0,0.0,0.0,0.0,0.0,0.0,1.0
1751120449.992668,0.0,0.0,0.0,0.0,0.0,0.0,1.0
1751120450.0120876,0.0,0.0,0.0,0.0,0.0,0.0,1.0
1751120450.0334694,0.0,0.0,0.0,0.0,0.0,0.0,1.0
1751120450.05297,0.0,0.0,0.0,0.0,0.0,0.0,1.0
1751120450.0723224,0.0,0.0,0.0,0.0,0.0,0.0,1.0
1751120450.0916266,0.0,0.0,0.0,0.0,0.0,0.0,1.0
1751120450.1109376,0.0,0.0,0.0,0.0,0.0,0.0,1.0
1751120450.1328373,0.0,0.0,0.0,0.0,0.0,0.0,1.0
1751120450.152689,0.0,0.0,0.0,0.0,0.0,0.0,1.0
1751120450.1724555,0.0,0.0,0.0,0.0,0.0,0.0,1.0
1751120450.1933208,0.0,0.0,0.0,0.0,0.0,0.0,1.0
1751120450.2122548,0.0,0.0,0.0,0.0,0.0,0.0,1.0
1751120450.232487,0.0,0.0,0.0,0.0,0.0,0.0,1.0
1751120450.251684,0.0,0.0,0.0,0.0,0.0,0.0,1.0
1751120450.273438,0.0,0.0,0.0,0.0,0.0,0.0,1.0
1751120450.2908201,0.0,0.0,0.0,0.0,0.0,0.0,1.0
1751120450.3132071,0.0,0.0,0.0,0.0,0.0,0.0,1.0
1751120450.3334801,0.0,0.0,0.0,0.0,0.0,0.0,1.0
1751120450.3530457,0.0,0.0,0.0,0.0,0.0,0.0,1.0
1751120450.372222,0.0,0.0,0.0,0.0,0.0,0.0,1.0
1751120450.391651,0.0,0.0,0.0,0.0,0.0,0.0,1.0
1751120450.413099,0.0,0.0,0.0,0.0,0.0,0.0,1.0
1751120450.4327703,0.0,0.0,0.0,0.0,0.0,0.0,1.0
1751120450.4526196,0.0,0.0,0.0,0.0,0.0,0.0,1.0
1751120450.4733717,0.0,0.0,0.0,0.0,0.0,0.0,1.0
1751120450.4928312,0.0,0.0,0.0,0.0,0.0,0.0,1.0
1751120450.5126941,0.0,0.0,0.0,0.0,0.0,0.0,1.0
1751120450.533118,0.0,0.0,0.0,0.0,0.0,0.0,1.0
1751120450.5527875,0.0,0.0,0.0,0.0,0.0,0.0,1.0
1751120450.5722904,0.0,0.0,0.0,0.0,0.0,0.0,1.0
1751120450.5933292,0.0,0.0,0.0,0.0,0.0,0.0,1.0
1751120450.6118608,0.0,0.0,0.0,0.0,0.0,0.0,1.0
1751120450.6325128,0.0,0.0,0.0,0.0,0.0,0.0,1.0
1751120450.6533492,0.0,0.0,0.0,0.0,0.0,0.0,1.0
1751120450.6721144,0.0,0.0,0.0,0.0,0.0,0.0,1.0
1751120450.6928172,0.0,0.0,0.0,0.0,0.0,0.0,1.0
1751120450.711925,0.0,0.0,0.0,0.0,0.0,0.0,1.0
1751120450.7326012,0.0,0.0,0.0,0.0,0.0,0.0,1.0
1751120450.752093,0.0,0.0,0.0,0.0,0.0,0.0,1.0
1751120450.7707088,0.0,0.0,0.0,0.0,0.0,0.0,1.0
1751120450.7930577,0.0,0.0,0.0,0.0,0.0,0.0,1.0
1751120450.8130188,0.0,0.0,0.0,0.0,0.0,0.0,1.0
1751120450.8325758,0.0,0.0,0.0,0.0,0.0,0.0,1.0
1751120450.852701,0.0,0.0,0.0,0.0,0.0,0.0,1.0
1751120450.8716717,0.0,0.0,0.0,0.0,0.0,0.0,1.0
1751120450.8927789,0.0,0.0,0.0,0.0,0.0,0.0,1.0
1751120450.9129398,0.0,0.0,0.0,0.0,0.0,0.0,1.0
1751120450.9321206,0.0,0.0,0.0,0.0,0.0,0.0,1.0
1751120450.9523537,0.0,0.0,0.0,0.0,0.0,0.0,1.0
1751120450.9724352,0.0,0.0,0.0,0.0,0.0,0.0,1.0
1751120450.9927022,0.0,0.0,0.0,0.0,0.0,0.0,1.0
1751120451.01262,0.0,0.0,0.0,0.0,0.0,0.0,1.0
1751120451.0315611,0.0,0.0,0.0,0.0,0.0,0.0,1.0
1751120451.0529084,0.0,0.0,0.0,0.0,0.0,0.0,1.0
1751120451.0728874,0.0,0.0,0.0,0.0,0.0,0.0,1.0
1751120451.0924778,0.0,0.0,0.0,0.0,0.0,0.0,1.0
1751120451.1124356,0.0,0.0,0.0,0.0,0.0,0.0,1.0
1751120451.133103,0.0,0.0,0.0,0.0,0.0,0.0,1.0
1751120451.1521664,0.0,0.0,0.0,0.0,0.0,0.0,1.0
1751120451.1731524,0.0,0.0,0.0,0.0,0.0,0.0,1.0
1751120451.1928058,0.0,0.0,0.0,0.0,0.0,0.0,1.0
1751120451.212999,0.0,0.0,0.0,0.0,0.0,0.0,1.0
1751120451.2315824,0.0,0.0,0.0,0.0,0.0,0.0,1.0
1751120451.2528641,0.0,0.0,0.0,0.0,0.0,0.0,1.0
1751120451.2727585,0.0,0.0,0.0,0.0,0.0,0.0,1.0
1751120451.293398,0.0,0.0,0.0,0.0,0.0,0.0,1.0
1751120451.3134325,0.0,0.0,0.0,0.0,0.0,0.0,1.0
1751120451.3322656,0.0,0.0,0.0,0.0,0.0,0.0,1.0
1751120451.3527343,0.0,0.0,0.0,0.0,0.0,0.0,1.0
1751120451.3727503,0.0,0.0,0.0,0.0,0.0,0.0,1.0
1751120451.392789,0.0,0.0,0.0,0.0,0.0,0.0,1.0
1751120451.411419,0.0,0.0,0.0,0.0,0.0,0.0,1.0
1751120451.4328325,0.0,0.0,0.0,0.0,0.0,0.0,1.0
1751120451.4534276,0.0,0.0,0.0,0.0,0.0,0.0,1.0
1751120451.4726558,0.0,0.0,0.0,0.0,0.0,0.0,1.0
1751120451.492352,0.0,0.0,0.0,0.0,0.0,0.0,1.0
1751120451.511912,0.0,0.0,0.0,0.0,0.0,0.0,1.0
1751120451.532476,0.0,0.0,0.0,0.0,0.0,0.0,1.0
1751120451.5530238,0.0,0.0,0.0,0.0,0.0,0.0,1.0
1751120451.5723763,0.0,0.0,0.0,0.0,0.0,0.0,1.0
1751120451.5931833,0.0,0.0,0.0,0.0,0.0,0.0,1.0
1751120451.6133761,0.0,0.0,0.0,0.0,0.0,0.0,1.0
1751120451.6328418,0.0,0.0,0.0,0.0,0.0,0.0,1.0
1751120451.6526883,0.0,0.0,0.0,0.0,0.0,0.0,1.0
1751120451.67283,0.0,0.0,0.0,0.0,0.0,0.0,1.0
1751120451.6923678,0.0,0.0,0.0,0.0,0.0,0.0,1.0
1751120451.7128274,0.0,0.0,0.0,0.0,0.0,0.0,1.0
1751120451.7335093,0.0,0.0,0.0,0.0,0.0,0.0,1.0
1751120451.753246,0.0,0.0,0.0,0.0,0.0,0.0,1.0
1751120451.7728784,0.0,0.0,0.0,0.0,0.0,0.0,1.0
1751120451.7921474,0.0,0.0,0.0,0.0,0.0,0.0,1.0
1751120451.812788,0.0,0.0,0.0,0.0,0.0,0.0,1.0
1751120451.8333352,0.0,0.0,0.0,0.0,0.0,0.0,1.0
1751120451.8523219,0.0,0.0,0.0,0.0,0.0,0.0,1.0
1751120451.8725061,0.0,0.0,0.0,0.0,0.0,0.0,1.0
1751120451.8921647,0.0,0.0,0.0,0.0,0.0,0.0,1.0
1751120451.91269,0.0,0.0,0.0,0.0,0.0,0.0,1.0
1751120451.9324589,0.0,0.0,0.0,0.0,0.0,0.0,1.0
1751120451.9526823,0.0,0.0,0.0,0.0,0.0,0.0,1.0
1751120451.9729273,0.0,0.0,0.0,0.0,0.0,0.0,1.0
1751120451.9924183,0.0,0.0,0.0,0.0,0.0,0.0,1.0
1751120452.0127573,0.0,0.0,0.0,0.0,0.0,0.0,1.0
1751120452.0330365,0.0,0.0,0.0,0.0,0.0,0.0,1.0
1751120452.053304,0.0,0.0,0.0,0.0,0.0,0.0,1.0
1751120452.0726068,0.0,0.0,0.0,0.0,0.0,0.0,1.0
1751120452.0926528,0.0,0.0,0.0,0.0,0.0,0.0,1.0
1751120452.1123166,0.0,0.0,0.0,0.0,0.0,0.0,1.0
1751120452.1324515,0.0,0.0,0.0,0.0,0.0,0.0,1.0
1751120452.152679,0.0,0.0,0.0,0.0,0.0,0.0,1.0
1751120452.1725833,0.0,0.0,0.0,0.0,0.0,0.0,1.0
1751120452.1924586,0.0,0.0,0.0,0.0,0.0,0.0,1.0
1751120452.2109532,0.0,0.0,0.0,0.0,0.0,0.0,1.0
1751120452.2327769,0.0,0.0,0.0,0.0,0.0,0.0,1.0
1751120452.252868,0.0,0.0,0.0,0.0,0.0,0.0,1.0
1751120452.272493,0.0,0.0,0.0,0.0,0.0,0.0,1.0
1751120452.2929223,0.0,0.0,0.0,0.0,0.0,0.0,1.0
1751120452.3127375,0.0,0.0,0.0,0.0,0.0,0.0,1.0
1751120452.3328624,0.0,0.0,0.0,0.0,0.0,0.0,1.0
1751120452.3523948,0.0,0.0,0.0,0.0,0.0,0.0,1.0
1751120452.373151,0.0,0.0,0.0,0.0,0.0,0.0,1.0
1751120452.39268,0.0,0.0,0.0,0.0,0.0,0.0,1.0
1751120452.4123383,0.0,0.0,0.0,0.0,0.0,0.0,1.0
1751120452.432122,0.0,0.0,0.0,0.0,0.0,0.0,1.0
1751120452.451035,0.0,0.0,0.0,0.0,0.0,0.0,1.0
1751120452.472587,0.0,0.0,0.0,0.0,0.0,0.0,1.0
1751120452.4920046,0.0,0.0,0.0,0.0,0.0,0.0,1.0
1751120452.5125864,0.0,0.0,0.0,0.0,0.0,0.0,1.0
1751120452.5330489,0.0,0.0,0.0,0.0,0.0,0.0,1.0
1751120452.552836,0.0,0.0,0.0,0.0,0.0,0.0,1.0
1751120452.5719173,0.0,0.0,0.0,0.0,0.0,0.0,1.0
1751120452.5916233,0.0,0.0,0.0,0.0,0.0,0.0,1.0
1751120452.6128604,0.0,0.0,0.0,0.0,0.0,0.0,1.0
1751120452.6329312,0.0,0.0,0.0,0.0,0.0,0.0,1.0
1751120452.6528473,0.0,0.0,0.0,0.0,0.0,0.0,1.0
1751120452.6729598,0.0,0.0,0.0,0.0,0.0,0.0,1.0
1751120452.692663,0.0,0.0,0.0,0.0,0.0,0.0,1.0
1751120452.7134116,0.0,0.0,0.0,0.0,0.0,0.0,1.0
1751120452.7317748,0.0,0.0,0.0,0.0,0.0,0.0,1.0
1751120452.753239,0.0,0.0,0.0,0.0,0.0,0.0,1.0
1751120452.7730541,0.0,0.0,0.0,0.0,0.0,0.0,1.0
1751120452.7929442,0.0,0.0,0.0,0.0,0.0,0.0,1.0
1751120452.8119378,0.0,0.0,0.0,0.0,0.0,0.0,1.0
1751120452.8311675,0.0,0.0,0.0,0.0,0.0,0.0,1.0
1751120452.8522055,0.0,0.0,0.0,0.0,0.0,0.0,1.0
1751120452.872458,0.0,0.0,0.0,0.0,0.0,0.0,1.0
1751120452.8934498,0.0,0.0,0.0,0.0,0.0,0.0,1.0
1751120452.9127324,0.0,0.0,0.0,0.0,0.0,0.0,1.0
1751120452.9333222,0.0,0.0,0.0,0.0,0.0,0.0,1.0
1751120452.9529614,0.0,0.0,0.0,0.0,0.0,0.0,1.0
1751120452.973201,0.0,0.0,0.0,0.0,0.0,0.0,1.0
1751120452.9934454,0.0,0.0,0.0,0.0,0.0,0.0,1.0
1751120453.0118992,0.0,0.0,0.0,0.0,0.0,0.0,1.0
1751120453.0322196,0.0,0.0,0.0,0.0,0.0,0.0,1.0
1751120453.0532877,0.0,0.0,0.0,0.0,0.0,0.0,1.0
1751120453.0724995,0.0,0.0,0.0,0.0,0.0,0.0,1.0
1751120453.0931172,0.0,0.0,0.0,0.0,0.0,0.0,1.0
1751120453.1129656,0.0,0.0,0.0,0.0,0.0,0.0,1.0
1751120453.132678,0.0,0.0,0.0,0.0,0.0,0.0,1.0
1751120453.1532235,0.0,0.0,0.0,0.0,0.0,0.0,1.0
1751120453.1720939,0.0,0.0,0.0,0.0,0.0,0.0,1.0
1751120453.193504,0.0,0.0,0.0,0.0,0.0,0.0,1.0
1751120453.2108185,0.0,0.0,0.0,0.0,0.0,0.0,1.0
1751120453.232474,0.0,0.0,0.0,0.0,0.0,0.0,1.0
1751120453.2527692,0.0,0.0,0.0,0.0,0.0,0.0,1.0
1751120453.2729084,0.0,0.0,0.0,0.0,0.0,0.0,1.0
1751120453.2926652,0.0,0.0,0.0,0.0,0.0,0.0,1.0
1751120453.3126996,0.0,0.0,0.0,0.0,0.0,0.0,1.0
1751120453.331782,0.0,0.0,0.0,0.0,0.0,0.0,1.0
1751120453.353171,0.0,0.0,0.0,0.0,0.0,0.0,1.0
1751120453.373154,0.0,0.0,0.0,0.0,0.0,0.0,1.0
1751120453.392942,0.0,0.0,0.0,0.0,0.0,0.0,1.0
1751120453.4129143,0.0,0.0,0.0,0.0,0.0,0.0,1.0
1751120453.4330397,0.0,0.0,0.0,0.0,0.0,0.0,1.0
1751120453.4528928,0.0,0.0,0.0,0.0,0.0,0.0,1.0
1751120453.472124,0.0,0.0,0.0,0.0,0.0,0.0,1.0
1751120453.4930658,0.0,0.0,0.0,0.0,0.0,0.0,1.0
1751120453.5121217,0.0,0.0,0.0,0.0,0.0,0.0,1.0
1751120453.5323594,0.0,0.0,0.0,0.0,0.0,0.0,1.0
1751120453.5529628,0.0,0.0,0.0,0.0,0.0,0.0,1.0
1751120453.572848,0.0,0.0,0.0,0.0,0.0,0.0,1.0
1751120453.5924883,0.0,0.0,0.0,0.0,0.0,0.0,1.0
1751120453.6128957,0.0,0.0,0.0,0.0,0.0,0.0,1.0
1751120453.632137,0.0,0.0,0.0,0.0,0.0,0.0,1.0
1751120453.6525576,0.0,0.0,0.0,0.0,0.0,0.0,1.0
1751120453.6729884,0.0,0.0,0.0,0.0,0.0,0.0,1.0
1751120453.6933696,0.0,0.0,0.0,0.0,0.0,0.0,1.0
1751120453.7126288,0.0,0.0,0.0,0.0,0.0,0.0,1.0
1751120453.732628,0.0,0.0,0.0,0.0,0.0,0.0,1.0
1751120453.752636,0.0,0.0,0.0,0.0,0.0,0.0,1.0
1751120453.7710755,0.0,0.0,0.0,0.0,0.0,0.0,1.0
1751120453.793238,0.0,0.0,0.0,0.0,0.0,0.0,1.0
1751120453.8128824,0.0,0.0,0.0,0.0,0.0,0.0,1.0
1751120453.8334017,0.0,0.0,0.0,0.0,0.0,0.0,1.0
1751120453.8527849,0.0,0.0,0.0,0.0,0.0,0.0,1.0
1751120453.8727071,0.0,0.0,0.0,0.0,0.0,0.0,1.0
1751120453.8928847,0.0,0.0,0.0,0.0,0.0,0.0,1.0
1751120453.912788,0.0,0.0,0.0,0.0,0.0,0.0,1.0
1751120453.9328759,0.0,0.0,0.0,0.0,0.0,0.0,1.0
1751120453.9525993,0.0,0.0,0.0,0.0,0.0,0.0,1.0
1751120453.972964,0.0,0.0,0.0,0.0,0.0,0.0,1.0
1751120453.9917881,0.0,0.0,0.0,0.0,0.0,0.0,1.0
1751120454.0118868,0.0,0.0,0.0,0.0,0.0,0.0,1.0
1751120454.03244,0.0,0.0,0.0,0.0,0.0,0.0,1.0
1751120454.05328,0.0,0.0,0.0,0.0,0.0,0.0,1.0
1751120454.0730944,0.0,0.0,0.0,0.0,0.0,0.0,1.0
1751120454.0921164,0.0,0.0,0.0,0.0,0.0,0.0,1.0
1751120454.1121645,0.0,0.0,0.0,0.0,0.0,0.0,1.0
1751120454.1325107,0.0,0.0,0.0,0.0,0.0,0.0,1.0
1751120454.1527128,0.0,0.0,0.0,0.0,0.0,0.0,1.0
1751120454.1734228,0.0,0.0,0.0,0.0,0.0,0.0,1.0
1751120454.1921222,0.0,0.0,0.0,0.0,0.0,0.0,1.0
1751120454.2126043,0.0,0.0,0.0,0.0,0.0,0.0,1.0
1751120454.2312572,0.0,0.0,0.0,0.0,0.0,0.0,1.0
1751120454.2513585,0.0,0.0,0.0,0.0,0.0,0.0,1.0
1751120454.2729456,0.0,0.0,0.0,0.0,0.0,0.0,1.0
1751120454.2919946,0.0,0.0,0.0,0.0,0.0,0.0,1.0
1751120454.3128774,0.0,0.0,0.0,0.0,0.0,0.0,1.0
1751120454.3320777,0.0,0.0,0.0,0.0,0.0,0.0,1.0
1751120454.3530617,0.0,0.0,0.0,0.0,0.0,0.0,1.0
1751120454.3727167,0.0,0.0,0.0,0.0,0.0,0.0,1.0
1751120454.3923507,0.0,0.0,0.0,0.0,0.0,0.0,1.0
1751120454.4125972,0.0,0.0,0.0,0.0,0.0,0.0,1.0
1751120454.4327345,0.0,0.0,0.0,0.0,0.0,0.0,1.0
1751120454.451915,0.0,0.0,0.0,0.0,0.0,0.0,1.0
1751120454.4723232,0.0,0.0,0.0,0.0,0.0,0.0,1.0
1751120454.4930415,0.0,0.0,0.0,0.0,0.0,0.0,1.0
1751120454.5125659,0.0,0.0,0.0,0.0,0.0,0.0,1.0
1751120454.533059,0.0,0.0,0.0,0.0,0.0,0.0,1.0
1751120454.5526168,0.0,0.0,0.0,0.0,0.0,0.0,1.0
1751120454.5729475,0.0,0.0,0.0,0.0,0.0,0.0,1.0
1751120454.5924807,0.0,0.0,0.0,0.0,0.0,0.0,1.0
1751120454.6121094,0.0,0.0,0.0,0.0,0.0,0.0,1.0
1751120454.6317956,0.0,0.0,0.0,0.0,0.0,0.0,1.0
1751120454.6526892,0.0,0.0,0.0,0.0,0.0,0.0,1.0
1751120454.671766,0.0,0.0,0.0,0.0,0.0,0.0,1.0
1751120454.6927652,0.0,0.0,0.0,0.0,0.0,0.0,1.0
1751120454.713462,0.0,0.0,0.0,0.0,0.0,0.0,1.0
1751120454.7322202,0.0,0.0,0.0,0.0,0.0,0.0,1.0
1751120454.7522802,0.0,0.0,0.0,0.0,0.0,0.0,1.0
1751120454.7722425,0.0,0.0,0.0,0.0,0.0,0.0,1.0
1751120454.791054,0.0,0.0,0.0,0.0,0.0,0.0,1.0
1751120454.8126106,0.0,0.0,0.0,0.0,0.0,0.0,1.0
1751120454.8328288,0.0,0.0,0.0,0.0,0.0,0.0,1.0
1751120454.852594,0.0,0.0,0.0,0.0,0.0,0.0,1.0
1751120454.871819,0.0,0.0,0.0,0.0,0.0,0.0,1.0
1751120454.8930151,0.0,0.0,0.0,0.0,0.0,0.0,1.0
1751120454.9122543,0.0,0.0,0.0,0.0,0.0,0.0,1.0
1751120454.9328787,0.0,0.0,0.0,0.0,0.0,0.0,1.0
1751120454.952482,0.0,0.0,0.0,0.0,0.0,0.0,1.0
1751120454.9724388,0.0,0.0,0.0,0.0,0.0,0.0,1.0
1751120454.993243,0.0,0.0,0.0,0.0,0.0,0.0,1.0
1751120455.0134635,0.0,0.0,0.0,0.0,0.0,0.0,1.0
1751120455.0325618,0.0,0.0,0.0,0.0,0.0,0.0,1.0
1751120455.0527427,0.0,0.0,0.0,0.0,0.0,0.0,1.0
1751120455.0729756,0.0,0.0,0.0,0.0,0.0,0.0,1.0
1751120455.093144,0.0,0.0,0.0,0.0,0.0,0.0,1.0
1751120455.1131911,0.0,0.0,0.0,0.0,0.0,0.0,1.0
1751120455.1333706,0.0,0.0,0.0,0.0,0.0,0.0,1.0
1751120455.1527154,0.0,0.0,0.0,0.0,0.0,0.0,1.0
1751120455.1731024,0.0,0.0,0.0,0.0,0.0,0.0,1.0
1751120455.1925411,0.0,0.0,0.0,0.0,0.0,0.0,1.0
1751120455.2128189,0.0,0.0,0.0,0.0,0.0,0.0,1.0
1751120455.2331188,0.0,0.0,0.0,0.0,0.0,0.0,1.0
1751120455.2533157,0.0,0.0,0.0,0.0,0.0,0.0,1.0
1751120455.2729874,0.0,0.0,0.0,0.0,0.0,0.0,1.0
1751120455.2931683,0.0,0.0,0.0,0.0,0.0,0.0,1.0
1751120455.3116689,0.0,0.0,0.0,0.0,0.0,0.0,1.0
1751120455.3321292,0.0,0.0,0.0,0.0,0.0,0.0,1.0
1751120455.3521788,0.0,0.0,0.0,0.0,0.0,0.0,1.0
1751120455.372924,0.0,0.0,0.0,0.0,0.0,0.0,1.0
1751120455.3927872,0.0,0.0,0.0,0.0,0.0,0.0,1.0
1751120455.4129622,0.0,0.0,0.0,0.0,0.0,0.0,1.0
1751120455.431169,0.0,0.0,0.0,0.0,0.0,0.0,1.0
1751120455.4526024,0.0,0.0,0.0,0.0,0.0,0.0,1.0
1751120455.4722183,0.0,0.0,0.0,0.0,0.0,0.0,1.0
1751120455.4920368,0.0,0.0,0.0,0.0,0.0,0.0,1.0
1751120455.5127432,0.0,0.0,0.0,0.0,0.0,0.0,1.0
1751120455.5326715,0.0,0.0,0.0,0.0,0.0,0.0,1.0
1751120455.5523186,0.0,0.0,0.0,0.0,0.0,0.0,1.0
1751120455.572268,0.0,0.0,0.0,0.0,0.0,0.0,1.0
1751120455.5926816,0.0,0.0,0.0,0.0,0.0,0.0,1.0
1751120455.612691,0.0,0.0,0.0,0.0,0.0,0.0,1.0
1751120455.6326876,0.0,0.0,0.0,0.0,0.0,0.0,1.0
1751120455.6522555,0.0,0.0,0.0,0.0,0.0,0.0,1.0
1751120455.6734369,0.0,0.0,0.0,0.0,0.0,0.0,1.0
1751120455.6930707,0.0,0.0,0.0,0.0,0.0,0.0,1.0
1751120455.7131298,0.0,0.0,0.0,0.0,0.0,0.0,1.0
1751120455.7325697,0.0,0.0,0.0,0.0,0.0,0.0,1.0
1751120455.752561,0.0,0.0,0.0,0.0,0.0,0.0,1.0
1751120455.7730348,0.0,0.0,0.0,0.0,0.0,0.0,1.0
1751120455.793376,0.0,0.0,0.0,0.0,0.0,0.0,1.0
1751120455.812667,0.0,0.0,0.0,0.0,0.0,0.0,1.0
1751120455.8326094,0.0,0.0,0.0,0.0,0.0,0.0,1.0
1751120455.8528678,0.0,0.0,0.0,0.0,0.0,0.0,1.0
1751120455.8729963,0.0,0.0,0.0,0.0,0.0,0.0,1.0
1751120455.8930533,0.0,0.0,0.0,0.0,0.0,0.0,1.0
1751120455.9129074,0.0,0.0,0.0,0.0,0.0,0.0,1.0
1751120455.9328787,0.0,0.0,0.0,0.0,0.0,0.0,1.0
1751120455.9530115,0.0,0.0,0.0,0.0,0.0,0.0,1.0
1751120455.973168,0.0,0.0,0.0,0.0,0.0,0.0,1.0
1751120455.9923556,0.0,0.0,0.0,0.0,0.0,0.0,1.0
1751120456.012767,0.0,0.0,0.0,0.0,0.0,0.0,1.0
1751120456.0329645,0.0,0.0,0.0,0.0,0.0,0.0,1.0
1751120456.052746,0.0,0.0,0.0,0.0,0.0,0.0,1.0
1751120456.0730352,0.0,0.0,0.0,0.0,0.0,0.0,1.0
1751120456.0933032,0.0,0.0,0.0,0.0,0.0,0.0,1.0
1751120456.113427,0.0,0.0,0.0,0.0,0.0,0.0,1.0
1751120456.1330562,0.0,0.0,0.0,0.0,0.0,0.0,1.0
1751120456.1520247,0.0,0.0,0.0,0.0,0.0,0.0,1.0
1751120456.1721478,0.0,0.0,0.0,0.0,0.0,0.0,1.0
1751120456.1931415,0.0,0.0,0.0,0.0,0.0,0.0,1.0
1751120456.213317,0.0,0.0,0.0,0.0,0.0,0.0,1.0
1751120456.233105,0.0,0.0,0.0,0.0,0.0,0.0,1.0
1751120456.2527113,0.0,0.0,0.0,0.0,0.0,0.0,1.0
1751120456.272953,0.0,0.0,0.0,0.0,0.0,0.0,1.0
1751120456.292433,0.0,0.0,0.0,0.0,0.0,0.0,1.0
1751120456.3128812,0.0,0.0,0.0,0.0,0.0,0.0,1.0
1751120456.3322778,0.0,0.0,0.0,0.0,0.0,0.0,1.0
1751120456.3530521,0.0,0.0,0.0,0.0,0.0,0.0,1.0
1751120456.3725564,0.0,0.0,0.0,0.0,0.0,0.0,1.0
1751120456.3928428,0.0,0.0,0.0,0.0,0.0,0.0,1.0
1751120456.4110098,0.0,0.0,0.0,0.0,0.0,0.0,1.0
1751120456.4333692,0.0,0.0,0.0,0.0,0.0,0.0,1.0
1751120456.4528286,0.0,0.0,0.0,0.0,0.0,0.0,1.0
1751120456.472022,0.0,0.0,0.0,0.0,0.0,0.0,1.0
1751120456.4926658,0.0,0.0,0.0,0.0,0.0,0.0,1.0
1751120456.512274,0.0,0.0,0.0,0.0,0.0,0.0,1.0
1751120456.5328012,0.0,0.0,0.0,0.0,0.0,0.0,1.0
1751120456.5521364,0.0,0.0,0.0,0.0,0.0,0.0,1.0
1751120456.5725272,0.0,0.0,0.0,0.0,0.0,0.0,1.0
1751120456.5931592,0.0,0.0,0.0,0.0,0.0,0.0,1.0
1751120456.6133983,0.0,0.0,0.0,0.0,0.0,0.0,1.0
1751120456.6325355,0.0,0.0,0.0,0.0,0.0,0.0,1.0
1751120456.6528566,0.0,0.0,0.0,0.0,0.0,0.0,1.0
1751120456.6727684,0.0,0.0,0.0,0.0,0.0,0.0,1.0
1751120456.6925895,0.0,0.0,0.0,0.0,0.0,0.0,1.0
1751120456.7128913,0.0,0.0,0.0,0.0,0.0,0.0,1.0
1751120456.7330718,0.0,0.0,0.0,0.0,0.0,0.0,1.0
1751120456.7528937,0.0,0.0,0.0,0.0,0.0,0.0,1.0
1751120456.7726667,0.0,0.0,0.0,0.0,0.0,0.0,1.0
1751120456.7927294,0.0,0.0,0.0,0.0,0.0,0.0,1.0
1751120456.812252,0.0,0.0,0.0,0.0,0.0,0.0,1.0
1751120456.8316934,0.0,0.0,0.0,0.0,0.0,0.0,1.0
1751120456.8519678,0.0,0.0,0.0,0.0,0.0,0.0,1.0
1751120456.8731282,0.0,0.0,0.0,0.0,0.0,0.0,1.0
1751120456.8929226,0.0,0.0,0.0,0.0,0.0,0.0,1.0
1751120456.9129648,0.0,0.0,0.0,0.0,0.0,0.0,1.0
1751120456.9323614,0.0,0.0,0.0,0.0,0.0,0.0,1.0
1751120456.951973,0.0,0.0,0.0,0.0,0.0,0.0,1.0
1751120456.9734473,0.0,0.0,0.0,0.0,0.0,0.0,1.0
1751120456.9928868,0.0,0.0,0.0,0.0,0.0,0.0,1.0
1751120457.0127635,0.0,0.0,0.0,0.0,0.0,0.0,1.0
1751120457.0329404,0.0,0.0,0.0,0.0,0.0,0.0,1.0
1751120457.051272,0.0,0.0,0.0,0.0,0.0,0.0,1.0
1751120457.0723562,0.0,0.0,0.0,0.0,0.0,0.0,1.0
1751120457.0917974,0.0,0.0,0.0,0.0,0.0,0.0,1.0
1751120457.1132228,0.0,0.0,0.0,0.0,0.0,0.0,1.0
1751120457.1319454,0.0,0.0,0.0,0.0,0.0,0.0,1.0
1751120457.1527283,0.0,0.0,0.0,0.0,0.0,0.0,1.0
1751120457.172505,0.0,0.0,0.0,0.0,0.0,0.0,1.0
1751120457.1926646,0.0,0.0,0.0,0.0,0.0,0.0,1.0
1751120457.2131484,0.0,0.0,0.0,0.0,0.0,0.0,1.0
1751120457.2332704,0.0,0.0,0.0,0.0,0.0,0.0,1.0
1751120457.2517767,0.0,0.0,0.0,0.0,0.0,0.0,1.0
1751120457.2730625,0.0,0.0,0.0,0.0,0.0,0.0,1.0
1751120457.291558,0.0,0.0,0.0,0.0,0.0,0.0,1.0
1751120457.312897,0.0,0.0,0.0,0.0,0.0,0.0,1.0
1751120457.3325841,0.0,0.0,0.0,0.0,0.0,0.0,1.0
1751120457.3528175,0.0,0.0,0.0,0.0,0.0,0.0,1.0
1751120457.373401,0.0,0.0,0.0,0.0,0.0,0.0,1.0
1751120457.3923144,0.0,0.0,0.0,0.0,0.0,0.0,1.0
1751120457.4130008,0.0,0.0,0.0,0.0,0.0,0.0,1.0
1751120457.4333055,0.0,0.0,0.0,0.0,0.0,0.0,1.0
1751120457.4530306,0.0,0.0,0.0,0.0,0.0,0.0,1.0
1751120457.473244,0.0,0.0,0.0,0.0,0.0,0.0,1.0
1751120457.4929566,0.0,0.0,0.0,0.0,0.0,0.0,1.0
1751120457.5131502,0.0,0.0,0.0,0.0,0.0,0.0,1.0
1751120457.5330684,0.0,0.0,0.0,0.0,0.0,0.0,1.0
1751120457.5530703,0.0,0.0,0.0,0.0,0.0,0.0,1.0
1751120457.5724335,0.0,0.0,0.0,0.0,0.0,0.0,1.0
1751120457.591727,0.0,0.0,0.0,0.0,0.0,0.0,1.0
1751120457.6124399,0.0,0.0,0.0,0.0,0.0,0.0,1.0
1751120457.6330948,0.0,0.0,0.0,0.0,0.0,0.0,1.0
1751120457.6531446,0.0,0.0,0.0,0.0,0.0,0.0,1.0
1751120457.673108,0.0,0.0,0.0,0.0,0.0,0.0,1.0
1751120457.693062,0.0,0.0,0.0,0.0,0.0,0.0,1.0
1751120457.7127125,0.0,0.0,0.0,0.0,0.0,0.0,1.0
1751120457.7331002,0.0,0.0,0.0,0.0,0.0,0.0,1.0
1751120457.75249,0.0,0.0,0.0,0.0,0.0,0.0,1.0
1751120457.7717936,0.0,0.0,0.0,0.0,0.0,0.0,1.0
1751120457.7919207,0.0,0.0,0.0,0.0,0.0,0.0,1.0
1751120457.8127513,0.0,0.0,0.0,0.0,0.0,0.0,1.0
1751120457.8328583,0.0,0.0,0.0,0.0,0.0,0.0,1.0
1751120457.8534184,0.0,0.0,0.0,0.0,0.0,0.0,1.0
1751120457.8727384,0.0,0.0,0.0,0.0,0.0,0.0,1.0
1751120457.8932505,0.0,0.0,0.0,0.0,0.0,0.0,1.0
1751120457.9125345,0.0,0.0,0.0,0.0,0.0,0.0,1.0
1751120457.9332862,0.0,0.0,0.0,0.0,0.0,0.0,1.0
1751120457.952609,0.0,0.0,0.0,0.0,0.0,0.0,1.0
1751120457.972346,0.0,0.0,0.0,0.0,0.0,0.0,1.0
1751120457.992826,0.0,0.0,0.0,0.0,0.0,0.0,1.0
1751120458.0113657,0.0,0.0,0.0,0.0,0.0,0.0,1.0
1751120458.0326588,0.0,0.0,0.0,0.0,0.0,0.0,1.0
1751120458.0523546,0.0,0.0,0.0,0.0,0.0,0.0,1.0
1751120458.0723095,0.0,0.0,0.0,0.0,0.0,0.0,1.0
1751120458.091744,0.0,0.0,0.0,0.0,0.0,0.0,1.0
1751120458.1133392,0.0,0.0,0.0,0.0,0.0,0.0,1.0
1751120458.1319194,0.0,0.0,0.0,0.0,0.0,0.0,1.0
1751120458.1521544,0.0,0.0,0.0,0.0,0.0,0.0,1.0
1751120458.1730368,0.0,0.0,0.0,0.0,0.0,0.0,1.0
1751120458.1932864,0.0,0.0,0.0,0.0,0.0,0.0,1.0
1751120458.212991,0.0,0.0,0.0,0.0,0.0,0.0,1.0
1751120458.2333107,0.0,0.0,0.0,0.0,0.0,0.0,1.0
1751120458.2533228,0.0,0.0,0.0,0.0,0.0,0.0,1.0
1751120458.2727458,0.0,0.0,0.0,0.0,0.0,0.0,1.0
1751120458.292825,0.0,0.0,0.0,0.0,0.0,0.0,1.0
1751120458.3133147,0.0,0.0,0.0,0.0,0.0,0.0,1.0
1751120458.3325872,0.0,0.0,0.0,0.0,0.0,0.0,1.0
1751120458.3527563,0.0,0.0,0.0,0.0,0.0,0.0,1.0
1751120458.3727221,0.0,0.0,0.0,0.0,0.0,0.0,1.0
1751120458.392838,0.0,0.0,0.0,0.0,0.0,0.0,1.0
1751120458.4133413,0.0,0.0,0.0,0.0,0.0,0.0,1.0
1751120458.4306827,0.0,0.0,0.0,0.0,0.0,0.0,1.0
1751120458.453008,0.0,0.0,0.0,0.0,0.0,0.0,1.0
1751120458.4726114,0.0,0.0,0.0,0.0,0.0,0.0,1.0
1751120458.4925895,0.0,0.0,0.0,0.0,0.0,0.0,1.0
1751120458.512345,0.0,0.0,0.0,0.0,0.0,0.0,1.0
1751120458.5328655,0.0,0.0,0.0,0.0,0.0,0.0,1.0
1751120458.55207,0.0,0.0,0.0,0.0,0.0,0.0,1.0
1751120458.572766,0.0,0.0,0.0,0.0,0.0,0.0,1.0
1751120458.5918908,0.0,0.0,0.0,0.0,0.0,0.0,1.0
1751120458.6134238,0.0,0.0,0.0,0.0,0.0,0.0,1.0
1751120458.6326008,0.0,0.0,0.0,0.0,0.0,0.0,1.0
1751120458.6521897,0.0,0.0,0.0,0.0,0.0,0.0,1.0
1751120458.673416,0.0,0.0,0.0,0.0,0.0,0.0,1.0
1751120458.6932235,0.0,0.0,0.0,0.0,0.0,0.0,1.0
1751120458.7132277,0.0,0.0,0.0,0.0,0.0,0.0,1.0
1751120458.7326846,0.0,0.0,0.0,0.0,0.0,0.0,1.0
1751120458.7516527,0.0,0.0,0.0,0.0,0.0,0.0,1.0
1751120458.7726715,0.0,0.0,0.0,0.0,0.0,0.0,1.0
1751120458.791983,0.0,0.0,0.0,0.0,0.0,0.0,1.0
1751120458.8129425,0.0,0.0,0.0,0.0,0.0,0.0,1.0
1751120458.8325284,0.0,0.0,0.0,0.0,0.0,0.0,1.0
1751120458.85311,0.0,0.0,0.0,0.0,0.0,0.0,1.0
1751120458.8720913,0.0,0.0,0.0,0.0,0.0,0.0,1.0
1751120458.8926346,0.0,0.0,0.0,0.0,0.0,0.0,1.0
1751120458.912682,0.0,0.0,0.0,0.0,0.0,0.0,1.0
1751120458.9326947,0.0,0.0,0.0,0.0,0.0,0.0,1.0
1751120458.9530988,0.0,0.0,0.0,0.0,0.0,0.0,1.0
1751120458.9728374,0.0,0.0,0.0,0.0,0.0,0.0,1.0
1751120458.9933171,0.0,0.0,0.0,0.0,0.0,0.0,1.0
1751120459.012595,0.0,0.0,0.0,0.0,0.0,0.0,1.0
1751120459.0307746,0.0,0.0,0.0,0.0,0.0,0.0,1.0
1751120459.05204,0.0,0.0,0.0,0.0,0.0,0.0,1.0
1751120459.0725281,0.0,0.0,0.0,0.0,0.0,0.0,1.0
1751120459.0915334,0.0,0.0,0.0,0.0,0.0,0.0,1.0
1751120459.1132581,0.0,0.0,0.0,0.0,0.0,0.0,1.0
1751120459.1328142,0.0,0.0,0.0,0.0,0.0,0.0,1.0
1751120459.152433,0.0,0.0,0.0,0.0,0.0,0.0,1.0
1751120459.1726635,0.0,0.0,0.0,0.0,0.0,0.0,1.0
1751120459.192373,0.0,0.0,0.0,0.0,0.0,0.0,1.0
1751120459.2124503,0.0,0.0,0.0,0.0,0.0,0.0,1.0
1751120459.2317283,0.0,0.0,0.0,0.0,0.0,0.0,1.0
1751120459.2528212,0.0,0.0,0.0,0.0,0.0,0.0,1.0
1751120459.272884,0.0,0.0,0.0,0.0,0.0,0.0,1.0
1751120459.291746,0.0,0.0,0.0,0.0,0.0,0.0,1.0
1751120459.312588,0.0,0.0,0.0,0.0,0.0,0.0,1.0
1751120459.3329875,0.0,0.0,0.0,0.0,0.0,0.0,1.0
1751120459.3530467,0.0,0.0,0.0,0.0,0.0,0.0,1.0
1751120459.3725984,0.0,0.0,0.0,0.0,0.0,0.0,1.0
1751120459.392662,0.0,0.0,0.0,0.0,0.0,0.0,1.0
1751120459.4130206,0.0,0.0,0.0,0.0,0.0,0.0,1.0
1751120459.4328344,0.0,0.0,0.0,0.0,0.0,0.0,1.0
1751120459.4531522,0.0,0.0,0.0,0.0,0.0,0.0,1.0
1751120459.4712129,0.0,0.0,0.0,0.0,0.0,0.0,1.0
1751120459.4928458,0.0,0.0,0.0,0.0,0.0,0.0,1.0
1751120459.5129755,0.0,0.0,0.0,0.0,0.0,0.0,1.0
1751120459.5330734,0.0,0.0,0.0,0.0,0.0,0.0,1.0
1751120459.5522738,0.0,0.0,0.0,0.0,0.0,0.0,1.0
1751120459.5730078,0.0,0.0,0.0,0.0,0.0,0.0,1.0
1751120459.593418,0.0,0.0,0.0,0.0,0.0,0.0,1.0
1751120459.6130257,0.0,0.0,0.0,0.0,0.0,0.0,1.0
1751120459.633258,0.0,0.0,0.0,0.0,0.0,0.0,1.0
1751120459.6532252,0.0,0.0,0.0,0.0,0.0,0.0,1.0
1751120459.6724465,0.0,0.0,0.0,0.0,0.0,0.0,1.0
1751120459.6929562,0.0,0.0,0.0,0.0,0.0,0.0,1.0
1751120459.7130342,0.0,0.0,0.0,0.0,0.0,0.0,1.0
1751120459.7331781,0.0,0.0,0.0,0.0,0.0,0.0,1.0
1751120459.751911,0.0,0.0,0.0,0.0,0.0,0.0,1.0
1751120459.7725818,0.0,0.0,0.0,0.0,0.0,0.0,1.0
1751120459.7929988,0.0,0.0,0.0,0.0,0.0,0.0,1.0
1751120459.8117251,0.0,0.0,0.0,0.0,0.0,0.0,1.0
1751120459.8319342,0.0,0.0,0.0,0.0,0.0,0.0,1.0
1751120459.8526947,0.0,0.0,0.0,0.0,0.0,0.0,1.0
1751120459.8729074,0.0,0.0,0.0,0.0,0.0,0.0,1.0
1751120459.8926332,0.0,0.0,0.0,0.0,0.0,0.0,1.0
1751120459.9127884,0.0,0.0,0.0,0.0,0.0,0.0,1.0
1751120459.932862,0.0,0.0,0.0,0.0,0.0,0.0,1.0
1751120459.9518654,0.0,0.0,0.0,0.0,0.0,0.0,1.0
1751120459.972759,0.0,0.0,0.0,0.0,0.0,0.0,1.0
1751120459.9933367,0.0,0.0,0.0,0.0,0.0,0.0,1.0
1751120460.012265,0.0,0.0,0.0,0.0,0.0,0.0,1.0
1751120460.0326097,0.0,0.0,0.0,0.0,0.0,0.0,1.0
1751120460.0530274,0.0,0.0,0.0,0.0,0.0,0.0,1.0
1751120460.0724866,0.0,0.0,0.0,0.0,0.0,0.0,1.0
1751120460.093373,0.0,0.0,0.0,0.0,0.0,0.0,1.0
1751120460.1129873,0.0,0.0,0.0,0.0,0.0,0.0,1.0
